{"cameraMode":{"drawMode":0,"name":"Shaded","section":"Shading Mode"},"sceneLighting":true,"audioPlay":false,"sceneViewState":{"m_AlwaysRefresh":false,"showFog":true,"showSkybox":true,"showFlares":true,"showImageEffects":true,"showParticleSystems":true,"showVisualEffectGraphs":true,"m_FxEnabled":true},"in2DMode":false,"pivot":{"x":-32.38520431518555,"y":19.874011993408204,"z":9.614126205444336},"rotation":{"x":-0.021304361522197725,"y":0.021003559231758119,"z":-0.0004821057082153857,"w":-0.999598503112793},"size":40.397945404052737,"orthographic":true}