{"cameraMode":{"drawMode":0,"name":"Shaded","section":"Shading Mode"},"sceneLighting":false,"audioPlay":false,"sceneViewState":{"m_AlwaysRefresh":false,"showFog":true,"showSkybox":false,"showFlares":true,"showImageEffects":true,"showParticleSystems":true,"showVisualEffectGraphs":true,"m_FxEnabled":true},"in2DMode":false,"pivot":{"x":-47.21254348754883,"y":3.2293972969055177,"z":-3.6253745555877687},"rotation":{"x":-0.044441550970077518,"y":-0.6532833576202393,"z":0.038465581834316257,"w":-0.7548378109931946},"size":15.908404350280762,"orthographic":true}