{"cameraMode":{"drawMode":0,"name":"Shaded","section":"Shading Mode"},"sceneLighting":false,"audioPlay":false,"sceneViewState":{"m_AlwaysRefresh":false,"showFog":true,"showSkybox":false,"showFlares":true,"showImageEffects":true,"showParticleSystems":true,"showVisualEffectGraphs":true,"m_FxEnabled":true},"in2DMode":false,"pivot":{"x":-46.894344329833987,"y":3.2599353790283205,"z":-3.6503396034240724},"rotation":{"x":-0.05428226292133331,"y":0.006587948650121689,"z":-0.0003558741300366819,"w":-0.9985101819038391},"size":4.941375255584717,"orthographic":true}