{"cameraMode":{"drawMode":0,"name":"Shaded","section":"Shading Mode"},"sceneLighting":false,"audioPlay":false,"sceneViewState":{"m_AlwaysRefresh":false,"showFog":true,"showSkybox":false,"showFlares":true,"showImageEffects":true,"showParticleSystems":true,"showVisualEffectGraphs":true,"m_FxEnabled":true},"in2DMode":false,"pivot":{"x":46.3646240234375,"y":-0.46528029441833498,"z":-0.4505729675292969},"rotation":{"x":-0.04899021238088608,"y":0.09008011966943741,"z":-0.004446303937584162,"w":-0.9947418570518494},"size":6.576090335845947,"orthographic":true}